{
  "Hawaii-Emperor": {
    "n": 24,
    "r": 0.4920918864138322,
    "re": 0.0505093341866066,
    "b": 0.7072792427588814,
    "cv": 0.8419007817306716,
    "pp": 0.8260013850744681,
    "po": 0.07775009483183237,
    "pu": 0.016990935237035876,
    "best": "Poisson",
    "s": [
      0.17866004962779158,
      0.0893300248138958,
      0.17866004962779156,
      0.2084367245657569,
      0.3275434243176179,
      0.41687344913151353,
      0.6253101736972707,
      0.9230769230769234,
      0.5062034739454093,
      2.560794044665013,
      1.7866004962779158,
      0.3275434243176173,
      1.5781637717121593,
      1.697270471464021,
      1.1017369727047135,
      0.29776674937965264,
      0.803970223325063,
      0.5955334987593053,
      2.203473945409429,
      0.20843672456575768,
      1.5483870967741924,
      0.982630272952855,
      3.3052109181141427,
      1.5483870967741946
    ]
  },
  "Louisville": {
    "n": 13,
    "r": 0.7669862841613467,
    "re": 0.0530312681621208,
    "b": 3,
    "cv": 0.3341794937900237,
    "pp": 0.019515171116511687,
    "po": 0.4281543947554103,
    "pu": 0.7240083511073845,
    "best": "GUE",
    "s": [
      1.6898326898326899,
      1.037323037323037,
      1.4054054054054057,
      1.305019305019305,
      0.7863577863577856,
      0.8030888030888038,
      0.6525096525096523,
      0.5186615186615189,
      1.422136422136422,
      0.8198198198198196,
      0.9034749034749044,
      0.8532818532818524,
      0.8030888030888026
    ]
  },
  "Tristan-Gough": {
    "n": 16,
    "r": 0.7930559046688079,
    "re": 0.045006571322041666,
    "b": 3,
    "cv": 0.5411352916842123,
    "pp": 0.10833934703927384,
    "po": 0.5783351782866606,
    "pu": 0.3496150494647725,
    "best": "GOE",
    "s": [
      0.40071556350626114,
      0.34347048300536676,
      0.44364937388193193,
      0.5008944543828264,
      0.8586762075134168,
      0.6440071556350625,
      0.7871198568872987,
      0.5724508050089445,
      0.8586762075134168,
      0.8586762075134168,
      2.289803220035778,
      1.4311270125223612,
      1.4311270125223612,
      1.4311270125223612,
      1.4311270125223612,
      1.7173524150268336
    ]
  },
  "Rurutu-Arago": {
    "n": 20,
    "r": 0.5668601570445847,
    "re": 0.0687026092715492,
    "b": 1.460599358874398,
    "cv": 0.8605189460438779,
    "pp": 0.45425835407074777,
    "po": 0.024661677697660922,
    "pu": 0.0032616996422275557,
    "best": "Poisson",
    "s": [
      1.3308841947065206,
      0.35902145779410544,
      0.028387743174417623,
      2.386240293896635,
      3.2929782082324457,
      0.41245720965183247,
      0.3339734491107957,
      0.5009601736661935,
      0.8349336227769892,
      0.5009601736661935,
      0.5009601736661935,
      0.16698672455539784,
      0.5009601736661935,
      0.5009601736661935,
      0.6679468982215914,
      0.6679468982215914,
      1.6698672455539785,
      1.168907071887785,
      1.6698672455539785,
      2.5048008683309675
    ]
  },
  "POOLED": {
    "n": 73,
    "r": 0.6302549605634855,
    "b": 2.2725496056348553,
    "ci_lo": 0.4217389481503908,
    "ci_hi": 0.5625853102308485,
    "cv": 0.7210913434254128,
    "best": "GOE",
    "s": [
      0.17866004962779158,
      0.0893300248138958,
      0.17866004962779156,
      0.2084367245657569,
      0.3275434243176179,
      0.41687344913151353,
      0.6253101736972707,
      0.9230769230769234,
      0.5062034739454093,
      2.560794044665013,
      1.7866004962779158,
      0.3275434243176173,
      1.5781637717121593,
      1.697270471464021,
      1.1017369727047135,
      0.29776674937965264,
      0.803970223325063,
      0.5955334987593053,
      2.203473945409429,
      0.20843672456575768,
      1.5483870967741924,
      0.982630272952855,
      3.3052109181141427,
      1.5483870967741946,
      1.6898326898326899,
      1.037323037323037,
      1.4054054054054057,
      1.305019305019305,
      0.7863577863577856,
      0.8030888030888038,
      0.6525096525096523,
      0.5186615186615189,
      1.422136422136422,
      0.8198198198198196,
      0.9034749034749044,
      0.8532818532818524,
      0.8030888030888026,
      0.40071556350626114,
      0.34347048300536676,
      0.44364937388193193,
      0.5008944543828264,
      0.8586762075134168,
      0.6440071556350625,
      0.7871198568872987,
      0.5724508050089445,
      0.8586762075134168,
      0.8586762075134168,
      2.289803220035778,
      1.4311270125223612,
      1.4311270125223612,
      1.4311270125223612,
      1.4311270125223612,
      1.7173524150268336,
      1.3308841947065206,
      0.35902145779410544,
      0.028387743174417623,
      2.386240293896635,
      3.2929782082324457,
      0.41245720965183247,
      0.3339734491107957,
      0.5009601736661935,
      0.8349336227769892,
      0.5009601736661935,
      0.5009601736661935,
      0.16698672455539784,
      0.5009601736661935,
      0.5009601736661935,
      0.6679468982215914,
      0.6679468982215914,
      1.6698672455539785,
      1.168907071887785,
      1.6698672455539785,
      2.5048008683309675
    ]
  }
}
