{
  "A_global": {
    "label": "Global-Mixed",
    "n_events": 44,
    "n_intervals": 42,
    "r": 0.39655429674379633,
    "r_err": 0.04745883449121586,
    "beta": 0.07036197829197548,
    "cv": 1.2667545429062605,
    "mean_interval_Ma": 44.36428571428572,
    "p_poisson": 0.09340563969067817,
    "p_goe": 5.2241552435177415e-06,
    "p_gue": 3.699816525287515e-08,
    "best": "Poisson",
    "s": [
      0.2997906939301239,
      0.5860569956528738,
      0.21413620995008853,
      0.49814844630494265,
      0.05409756882949618,
      0.6311383030107872,
      0.06762196103687006,
      0.022540653678956687,
      0.1803252294316535,
      0.045081307357913374,
      0.045081307357913374,
      1.1044920302688777,
      0.4170020930606987,
      1.1360489454194171,
      0.16003864112059235,
      0.360650458863307,
      0.3155691515053936,
      0.1803252294316535,
      4.801159233617774,
      0.5635163419739172,
      1.803252294316535,
      2.2766060215746253,
      0.2704878441474802,
      0.6085976493318306,
      0.5635163419739172,
      0.45081307357913375,
      0.45081307357913375,
      0.1577845757526968,
      0.06762196103687006,
      2.1413620995008853,
      3.381098051843503,
      0.7438415714055706,
      0.045081307357913374,
      2.254065367895669,
      0.6311383030107872,
      0.6536789566897439,
      1.0368700692320076,
      0.1577845757526968,
      1.3524392207374012,
      4.733537272580904,
      4.508130735791338,
      2.028658831106102
    ]
  },
  "B_African": {
    "label": "African-LLSVP",
    "n_events": 24,
    "n_intervals": 23,
    "r": 0.3312694723455772,
    "r_err": 0.05407786909237243,
    "beta": 0.0,
    "cv": 1.3878285186139387,
    "mean_interval_Ma": 80.43478260869566,
    "p_poisson": 0.24212050927497808,
    "p_goe": 0.0004115679198856137,
    "p_gue": 2.7651438844678838e-05,
    "best": "Poisson",
    "s": [
      0.3232432432432432,
      0.11810810810810811,
      0.27475675675675665,
      0.377945945945946,
      0.0372972972972973,
      0.11189189189189189,
      0.024864864864864864,
      0.024864864864864864,
      0.6091891891891892,
      0.22999999999999998,
      0.6265945945945947,
      0.4612432432432432,
      0.09945945945945946,
      2.958918918918919,
      0.9945945945945945,
      1.4048648648648647,
      4.724324324324324,
      0.024864864864864864,
      1.5913513513513513,
      0.3605405405405405,
      1.4048648648648647,
      5.097297297297297,
      1.1189189189189188
    ]
  },
  "B_Pacific": {
    "label": "Pacific-LLSVP",
    "n_events": 20,
    "n_intervals": 19,
    "r": 0.4612793567535467,
    "r_err": 0.07743898772463623,
    "beta": 0.501862378356978,
    "cv": 0.8994326711247858,
    "mean_interval_Ma": 93.33157894736841,
    "p_poisson": 0.844268108928281,
    "p_goe": 0.015711589764656475,
    "p_gue": 0.0025371700178672407,
    "best": "Poisson",
    "s": [
      0.7853719054869452,
      0.3428635876614222,
      1.467884734675464,
      0.1714317938307111,
      2.5179044718885697,
      2.2071843455704054,
      0.41786499746235833,
      0.2678621778604861,
      0.2142897422883889,
      0.2142897422883889,
      0.07500140980093611,
      0.03214346134325834,
      1.0178762758698472,
      1.6071730671629167,
      1.446455760446625,
      1.1035921727852027,
      0.07500140980093611,
      2.89291152089325,
      2.142897422883889
    ]
  }
}